{
  "hash": "b09ffda7",
  "configHash": "882fcf17",
  "lockfileHash": "a14009b6",
  "browserHash": "bdc2bd04",
  "optimized": {
    "@angular/core": {
      "src": "../../../../../../node_modules/@angular/core/fesm2022/core.mjs",
      "file": "@angular_core.js",
      "fileHash": "676b28d1",
      "needsInterop": false
    },
    "@angular/platform-browser": {
      "src": "../../../../../../node_modules/@angular/platform-browser/fesm2022/platform-browser.mjs",
      "file": "@angular_platform-browser.js",
      "fileHash": "8f95d8e7",
      "needsInterop": false
    },
    "@angular/router": {
      "src": "../../../../../../node_modules/@angular/router/fesm2022/router.mjs",
      "file": "@angular_router.js",
      "fileHash": "731fadca",
      "needsInterop": false
    }
  },
  "chunks": {
    "chunk-US7XBJH3": {
      "file": "chunk-US7XBJH3.js"
    },
    "chunk-TAIACK7E": {
      "file": "chunk-TAIACK7E.js"
    }
  }
}